{
  "run_name": "union_shared_only_full80_seed0",
  "run_dir": "/home/moshiling/Adam-NSCL-resnet18+AdNS /Adam-NSCL-main/results/ablation_unionlowrank_round1/union_shared_only_full80_seed0",
  "projection_mode": "sfcl_adns",
  "task_order": [
    "1",
    "2",
    "3",
    "4",
    "5",
    "6",
    "7",
    "8",
    "9",
    "10"
  ],
  "acc_table": {
    "1": {
      "1": 88.2,
      "2": 85.3,
      "3": 86.5,
      "4": 84.9,
      "5": 86.4,
      "6": 86.9,
      "7": 85.6,
      "8": 84.3,
      "9": 84.3,
      "10": 85.9
    },
    "2": {
      "2": 72.4,
      "3": 67.8,
      "4": 69.9,
      "5": 68.8,
      "6": 68.0,
      "7": 66.4,
      "8": 67.1,
      "9": 67.4,
      "10": 68.3
    },
    "3": {
      "3": 75.7,
      "4": 69.3,
      "5": 70.0,
      "6": 69.1,
      "7": 68.0,
      "8": 70.9,
      "9": 70.7,
      "10": 72.3
    },
    "4": {
      "4": 74.9,
      "5": 72.4,
      "6": 68.8,
      "7": 71.3,
      "8": 72.0,
      "9": 63.5,
      "10": 71.2
    },
    "5": {
      "5": 78.1,
      "6": 75.9,
      "7": 73.0,
      "8": 72.6,
      "9": 73.1,
      "10": 73.8
    },
    "6": {
      "6": 76.9,
      "7": 71.6,
      "8": 71.9,
      "9": 71.7,
      "10": 72.1
    },
    "7": {
      "7": 75.7,
      "8": 74.0,
      "9": 69.0,
      "10": 74.8
    },
    "8": {
      "8": 75.1,
      "9": 69.6,
      "10": 73.4
    },
    "9": {
      "9": 76.5,
      "10": 70.1
    },
    "10": {
      "10": 81.7
    }
  },
  "avg_acc_history": [
    88.2,
    78.85,
    76.66666666666667,
    74.75,
    75.14000000000001,
    74.26666666666667,
    73.08571428571427,
    73.4875,
    71.75555555555555,
    74.36
  ],
  "bwt_history": [
    0,
    -2.9000000000000057,
    -3.1500000000000057,
    -4.066666666666667,
    -3.400000000000002,
    -4.120000000000002,
    -5.050000000000004,
    -4.15714285714286,
    -5.962500000000002,
    -3.5111111111111137
  ],
  "final_avg_acc": 74.36,
  "final_bwt": -3.5111111111111137,
  "seed": 0,
  "gpuid": [
    5
  ]
}