{
  "run_name": "union_shared_taskstrength_full80_seed0",
  "run_dir": "/home/moshiling/Adam-NSCL-resnet18+AdNS /Adam-NSCL-main/results/ablation_unionlowrank_round1/union_shared_taskstrength_full80_seed0",
  "projection_mode": "sfcl_adns",
  "task_order": [
    "1",
    "2",
    "3",
    "4",
    "5",
    "6",
    "7",
    "8",
    "9",
    "10"
  ],
  "acc_table": {
    "1": {
      "1": 88.2,
      "2": 58.3,
      "3": 49.1,
      "4": 30.3,
      "5": 20.3,
      "6": 16.0,
      "7": 10.1,
      "8": 13.9,
      "9": 9.5,
      "10": 7.5
    },
    "2": {
      "2": 85.0,
      "3": 47.6,
      "4": 37.3,
      "5": 28.2,
      "6": 19.0,
      "7": 12.7,
      "8": 12.3,
      "9": 9.0,
      "10": 8.3
    },
    "3": {
      "3": 87.5,
      "4": 53.1,
      "5": 43.0,
      "6": 27.9,
      "7": 21.8,
      "8": 18.6,
      "9": 14.4,
      "10": 17.9
    },
    "4": {
      "4": 85.8,
      "5": 52.3,
      "6": 31.6,
      "7": 20.5,
      "8": 19.3,
      "9": 20.8,
      "10": 20.6
    },
    "5": {
      "5": 87.4,
      "6": 56.3,
      "7": 32.0,
      "8": 26.1,
      "9": 28.8,
      "10": 31.1
    },
    "6": {
      "6": 88.0,
      "7": 57.0,
      "8": 50.4,
      "9": 41.3,
      "10": 44.1
    },
    "7": {
      "7": 87.0,
      "8": 67.8,
      "9": 48.5,
      "10": 48.9
    },
    "8": {
      "8": 85.4,
      "9": 54.4,
      "10": 50.7
    },
    "9": {
      "9": 88.5,
      "10": 68.7
    },
    "10": {
      "10": 91.0
    }
  },
  "avg_acc_history": [
    88.2,
    71.65,
    61.4,
    51.625,
    46.24,
    39.800000000000004,
    34.44285714285714,
    36.72500000000001,
    35.022222222222226,
    38.88
  ],
  "bwt_history": [
    0,
    -29.900000000000006,
    -38.25,
    -46.666666666666664,
    -50.675,
    -56.61999999999999,
    -61.30000000000001,
    -57.214285714285715,
    -58.449999999999996,
    -53.888888888888886
  ],
  "final_avg_acc": 38.88,
  "final_bwt": -53.888888888888886,
  "seed": 0,
  "gpuid": [
    5
  ]
}