{
  "run_name": "sfcl_adns_quick10_seed0",
  "run_dir": "/home/moshiling/Adam-NSCL-resnet18+AdNS /Adam-NSCL-main/results/adns_sfcl_port/runs/sfcl_adns_quick10_seed0",
  "projection_mode": "sfcl_adns",
  "task_order": [
    "1",
    "2",
    "3",
    "4",
    "5",
    "6",
    "7",
    "8",
    "9",
    "10"
  ],
  "acc_table": {
    "1": {
      "1": 51.5,
      "2": 50.9,
      "3": 48.9,
      "4": 41.6,
      "5": 39.1,
      "6": 31.7,
      "7": 30.4,
      "8": 33.1,
      "9": 29.6,
      "10": 32.8
    },
    "2": {
      "2": 49.3,
      "3": 42.6,
      "4": 40.9,
      "5": 39.0,
      "6": 39.4,
      "7": 37.8,
      "8": 37.5,
      "9": 34.7,
      "10": 33.9
    },
    "3": {
      "3": 56.3,
      "4": 50.9,
      "5": 45.3,
      "6": 40.4,
      "7": 40.6,
      "8": 41.1,
      "9": 37.3,
      "10": 36.5
    },
    "4": {
      "4": 54.5,
      "5": 50.8,
      "6": 44.7,
      "7": 45.0,
      "8": 45.3,
      "9": 41.1,
      "10": 45.2
    },
    "5": {
      "5": 59.8,
      "6": 54.4,
      "7": 52.0,
      "8": 50.0,
      "9": 48.9,
      "10": 52.4
    },
    "6": {
      "6": 57.0,
      "7": 55.2,
      "8": 48.8,
      "9": 51.5,
      "10": 47.4
    },
    "7": {
      "7": 57.7,
      "8": 57.6,
      "9": 53.9,
      "10": 55.4
    },
    "8": {
      "8": 62.3,
      "9": 59.9,
      "10": 61.4
    },
    "9": {
      "9": 58.1,
      "10": 54.7
    },
    "10": {
      "10": 64.0
    }
  },
  "avg_acc_history": [
    51.5,
    50.099999999999994,
    49.26666666666667,
    46.975,
    46.8,
    44.6,
    45.528571428571425,
    46.962500000000006,
    46.111111111111114,
    48.36999999999999
  ],
  "bwt_history": [
    0,
    -0.6000000000000014,
    -4.649999999999999,
    -7.899999999999999,
    -9.35,
    -12.159999999999998,
    -11.233333333333333,
    -10.385714285714284,
    -11.4375,
    -9.644444444444446
  ],
  "final_avg_acc": 48.36999999999999,
  "final_bwt": -9.644444444444446,
  "seed": 0,
  "gpuid": [
    2
  ]
}