{
  "run_name": "sfcl_adns_full80_seed0_fixed_v2",
  "run_dir": "/home/moshiling/Adam-NSCL-resnet18+AdNS /Adam-NSCL-main/results/final_repro_round/sfcl_adns_full80_seed0_fixed_v2",
  "projection_mode": "sfcl_adns",
  "task_order": [
    "1",
    "2",
    "3",
    "4",
    "5",
    "6",
    "7",
    "8",
    "9",
    "10"
  ],
  "acc_table": {
    "1": {
      "1": 88.2,
      "2": 70.9,
      "3": 65.2,
      "4": 51.9,
      "5": 45.8,
      "6": 35.7,
      "7": 25.4,
      "8": 24.2,
      "9": 21.1,
      "10": 16.2
    },
    "2": {
      "2": 81.8,
      "3": 68.8,
      "4": 49.2,
      "5": 41.3,
      "6": 30.1,
      "7": 26.8,
      "8": 19.9,
      "9": 25.3,
      "10": 22.2
    },
    "3": {
      "3": 86.1,
      "4": 72.0,
      "5": 57.8,
      "6": 44.4,
      "7": 29.7,
      "8": 29.8,
      "9": 26.0,
      "10": 28.2
    },
    "4": {
      "4": 84.9,
      "5": 73.4,
      "6": 54.8,
      "7": 48.0,
      "8": 36.6,
      "9": 26.0,
      "10": 28.7
    },
    "5": {
      "5": 86.8,
      "6": 76.8,
      "7": 61.5,
      "8": 50.8,
      "9": 38.6,
      "10": 42.2
    },
    "6": {
      "6": 85.8,
      "7": 78.2,
      "8": 66.5,
      "9": 57.4,
      "10": 49.3
    },
    "7": {
      "7": 87.0,
      "8": 78.5,
      "9": 67.0,
      "10": 66.7
    },
    "8": {
      "8": 85.2,
      "9": 69.6,
      "10": 71.3
    },
    "9": {
      "9": 87.2,
      "10": 80.1
    },
    "10": {
      "10": 90.2
    }
  },
  "avg_acc_history": [
    88.2,
    76.35,
    73.36666666666666,
    64.5,
    61.019999999999996,
    54.6,
    50.94285714285714,
    48.9375,
    46.46666666666667,
    49.51
  ],
  "bwt_history": [
    0,
    -17.299999999999997,
    -18.0,
    -27.666666666666668,
    -30.675,
    -37.2,
    -40.666666666666664,
    -42.042857142857144,
    -44.35,
    -40.900000000000006
  ],
  "final_avg_acc": 49.51,
  "final_bwt": -40.900000000000006,
  "seed": 0,
  "gpuid": [
    2
  ]
}