{
  "run_name": "sfcl_adns_union_lowrank_full80_seed0",
  "run_dir": "/home/moshiling/Adam-NSCL-resnet18+AdNS /Adam-NSCL-main/results/final_repro_round/sfcl_adns_union_lowrank_full80_seed0",
  "projection_mode": "sfcl_adns",
  "task_order": [
    "1",
    "2",
    "3",
    "4",
    "5",
    "6",
    "7",
    "8",
    "9",
    "10"
  ],
  "acc_table": {
    "1": {
      "1": 88.2,
      "2": 73.7,
      "3": 67.2,
      "4": 52.4,
      "5": 51.0,
      "6": 31.3,
      "7": 28.1,
      "8": 29.0,
      "9": 18.3,
      "10": 19.2
    },
    "2": {
      "2": 82.0,
      "3": 69.2,
      "4": 54.0,
      "5": 43.5,
      "6": 31.0,
      "7": 27.2,
      "8": 29.2,
      "9": 25.5,
      "10": 26.3
    },
    "3": {
      "3": 84.9,
      "4": 71.8,
      "5": 56.8,
      "6": 47.7,
      "7": 34.0,
      "8": 31.8,
      "9": 28.0,
      "10": 30.1
    },
    "4": {
      "4": 86.0,
      "5": 73.6,
      "6": 59.1,
      "7": 52.1,
      "8": 37.7,
      "9": 29.8,
      "10": 33.9
    },
    "5": {
      "5": 85.7,
      "6": 77.1,
      "7": 62.5,
      "8": 57.9,
      "9": 42.4,
      "10": 44.2
    },
    "6": {
      "6": 86.1,
      "7": 77.0,
      "8": 66.9,
      "9": 59.7,
      "10": 53.0
    },
    "7": {
      "7": 87.0,
      "8": 80.1,
      "9": 72.1,
      "10": 74.6
    },
    "8": {
      "8": 85.6,
      "9": 72.0,
      "10": 73.6
    },
    "9": {
      "9": 87.1,
      "10": 79.9
    },
    "10": {
      "10": 89.6
    }
  },
  "avg_acc_history": [
    88.2,
    77.85,
    73.76666666666667,
    66.05,
    62.120000000000005,
    55.383333333333326,
    52.55714285714286,
    52.275000000000006,
    48.32222222222222,
    52.44
  ],
  "bwt_history": [
    0,
    -14.5,
    -16.9,
    -25.633333333333336,
    -29.050000000000004,
    -36.120000000000005,
    -38.66666666666667,
    -38.1857142857143,
    -42.212500000000006,
    -37.53333333333333
  ],
  "final_avg_acc": 52.44,
  "final_bwt": -37.53333333333333,
  "seed": 0,
  "gpuid": [
    2
  ]
}