{
  "run_name": "method_alignment_smoke_sfcl_v3",
  "run_dir": "/home/moshiling/Adam-NSCL-resnet18+AdNS /Adam-NSCL-main/results/method_alignment_fix_round/runs/method_alignment_smoke_sfcl_v3",
  "projection_mode": "sfcl",
  "task_order": [
    "1",
    "2",
    "3",
    "4",
    "5",
    "6",
    "7",
    "8",
    "9",
    "10"
  ],
  "acc_table": {
    "1": {
      "1": 41.9,
      "2": 47.9,
      "3": 48.3,
      "4": 47.3,
      "5": 50.0,
      "6": 48.3,
      "7": 47.2,
      "8": 46.5,
      "9": 48.5,
      "10": 48.1
    },
    "2": {
      "2": 34.1,
      "3": 30.7,
      "4": 33.2,
      "5": 33.9,
      "6": 34.0,
      "7": 33.0,
      "8": 31.2,
      "9": 33.8,
      "10": 33.5
    },
    "3": {
      "3": 39.0,
      "4": 35.3,
      "5": 35.6,
      "6": 33.6,
      "7": 34.5,
      "8": 33.3,
      "9": 36.5,
      "10": 35.5
    },
    "4": {
      "4": 36.6,
      "5": 36.3,
      "6": 33.4,
      "7": 35.8,
      "8": 35.4,
      "9": 35.4,
      "10": 36.0
    },
    "5": {
      "5": 37.8,
      "6": 35.0,
      "7": 36.8,
      "8": 35.7,
      "9": 35.0,
      "10": 36.6
    },
    "6": {
      "6": 39.5,
      "7": 39.9,
      "8": 40.5,
      "9": 40.7,
      "10": 41.4
    },
    "7": {
      "7": 38.1,
      "8": 38.0,
      "9": 36.9,
      "10": 38.1
    },
    "8": {
      "8": 44.6,
      "9": 40.4,
      "10": 43.7
    },
    "9": {
      "9": 36.3,
      "10": 36.5
    },
    "10": {
      "10": 43.7
    }
  },
  "avg_acc_history": [
    41.9,
    41.0,
    39.333333333333336,
    38.1,
    38.720000000000006,
    37.300000000000004,
    37.9,
    38.150000000000006,
    38.16666666666666,
    39.309999999999995
  ],
  "bwt_history": [
    0,
    6.0,
    1.4999999999999982,
    0.2666666666666657,
    1.049999999999999,
    -1.0200000000000002,
    -0.2833333333333338,
    -0.9142857142857146,
    -0.5500000000000007,
    0.16666666666666746
  ],
  "final_avg_acc": 39.309999999999995,
  "final_bwt": 0.16666666666666746,
  "seed": 0,
  "gpuid": [
    4
  ]
}