{
  "run_name": "union_shared_only_full80_seed1",
  "run_dir": "/home/moshiling/Adam-NSCL-resnet18+AdNS /Adam-NSCL-main/results/ablation_unionlowrank_round1/union_shared_only_full80_seed1",
  "projection_mode": "sfcl_adns",
  "task_order": [
    "1",
    "2",
    "3",
    "4",
    "5",
    "6",
    "7",
    "8",
    "9",
    "10"
  ],
  "acc_table": {
    "1": {
      "1": 87.2,
      "2": 83.6,
      "3": 84.4,
      "4": 83.4,
      "5": 84.9,
      "6": 83.4,
      "7": 83.7,
      "8": 83.4,
      "9": 82.2,
      "10": 84.7
    },
    "2": {
      "2": 72.5,
      "3": 68.3,
      "4": 69.3,
      "5": 71.8,
      "6": 69.0,
      "7": 65.9,
      "8": 64.1,
      "9": 69.2,
      "10": 68.9
    },
    "3": {
      "3": 76.3,
      "4": 67.9,
      "5": 71.6,
      "6": 68.9,
      "7": 65.8,
      "8": 67.9,
      "9": 69.0,
      "10": 72.2
    },
    "4": {
      "4": 75.0,
      "5": 70.9,
      "6": 69.0,
      "7": 71.5,
      "8": 71.4,
      "9": 61.2,
      "10": 70.7
    },
    "5": {
      "5": 77.6,
      "6": 73.7,
      "7": 71.0,
      "8": 72.9,
      "9": 72.2,
      "10": 73.7
    },
    "6": {
      "6": 76.4,
      "7": 70.8,
      "8": 71.2,
      "9": 73.6,
      "10": 74.0
    },
    "7": {
      "7": 74.8,
      "8": 74.3,
      "9": 68.5,
      "10": 74.1
    },
    "8": {
      "8": 75.6,
      "9": 68.7,
      "10": 72.8
    },
    "9": {
      "9": 76.0,
      "10": 69.6
    },
    "10": {
      "10": 81.0
    }
  },
  "avg_acc_history": [
    87.2,
    78.05,
    76.33333333333333,
    73.9,
    75.35999999999999,
    73.39999999999999,
    71.92857142857143,
    72.60000000000001,
    71.17777777777778,
    74.16999999999999
  ],
  "bwt_history": [
    0,
    -3.6000000000000085,
    -3.5,
    -5.13333333333333,
    -2.9499999999999993,
    -4.919999999999996,
    -6.05,
    -4.94285714285714,
    -6.349999999999998,
    -3.4111111111111097
  ],
  "final_avg_acc": 74.16999999999999,
  "final_bwt": -3.4111111111111097,
  "seed": 1,
  "gpuid": [
    5
  ]
}