{
  "run_name": "union_shared_kd_full80_seed0",
  "run_dir": "/home/moshiling/Adam-NSCL-resnet18+AdNS /Adam-NSCL-main/results/ablation_unionlowrank_round1/union_shared_kd_full80_seed0",
  "projection_mode": "sfcl_adns",
  "task_order": [
    "1",
    "2",
    "3",
    "4",
    "5",
    "6",
    "7",
    "8",
    "9",
    "10"
  ],
  "acc_table": {
    "1": {
      "1": 88.2,
      "2": 86.8,
      "3": 87.7,
      "4": 85.7,
      "5": 86.7,
      "6": 87.4,
      "7": 87.2,
      "8": 85.2,
      "9": 87.0,
      "10": 87.3
    },
    "2": {
      "2": 70.0,
      "3": 67.8,
      "4": 69.4,
      "5": 68.9,
      "6": 68.5,
      "7": 64.6,
      "8": 64.4,
      "9": 68.5,
      "10": 67.1
    },
    "3": {
      "3": 74.2,
      "4": 67.5,
      "5": 70.9,
      "6": 69.1,
      "7": 66.3,
      "8": 68.4,
      "9": 69.8,
      "10": 71.2
    },
    "4": {
      "4": 71.2,
      "5": 71.7,
      "6": 70.7,
      "7": 71.6,
      "8": 71.3,
      "9": 66.3,
      "10": 71.5
    },
    "5": {
      "5": 77.1,
      "6": 74.1,
      "7": 73.5,
      "8": 73.9,
      "9": 72.6,
      "10": 71.9
    },
    "6": {
      "6": 74.1,
      "7": 71.8,
      "8": 71.1,
      "9": 72.2,
      "10": 72.5
    },
    "7": {
      "7": 74.7,
      "8": 73.6,
      "9": 69.4,
      "10": 74.0
    },
    "8": {
      "8": 73.3,
      "9": 70.4,
      "10": 72.5
    },
    "9": {
      "9": 75.9,
      "10": 70.6
    },
    "10": {
      "10": 81.4
    }
  },
  "avg_acc_history": [
    88.2,
    78.4,
    76.56666666666666,
    73.45,
    75.06000000000002,
    73.98333333333333,
    72.81428571428572,
    72.65,
    72.45555555555556,
    74.0
  ],
  "bwt_history": [
    0,
    -1.4000000000000057,
    -1.3500000000000014,
    -3.2666666666666657,
    -1.3499999999999979,
    -2.180000000000001,
    -3.300000000000002,
    -3.085714285714285,
    -3.3249999999999993,
    -2.2333333333333343
  ],
  "final_avg_acc": 74.0,
  "final_bwt": -2.2333333333333343,
  "seed": 0,
  "gpuid": [
    1
  ]
}