{
  "run_name": "sfcl_quick10_seed0",
  "run_dir": "/home/moshiling/Adam-NSCL-resnet18+AdNS /Adam-NSCL-main/results/adns_sfcl_port/runs/sfcl_quick10_seed0",
  "projection_mode": "sfcl",
  "task_order": [
    "1",
    "2",
    "3",
    "4",
    "5",
    "6",
    "7",
    "8",
    "9",
    "10"
  ],
  "acc_table": {
    "1": {
      "1": 51.5,
      "2": 53.0,
      "3": 54.0,
      "4": 49.8,
      "5": 54.1,
      "6": 53.8,
      "7": 53.3,
      "8": 52.9,
      "9": 53.9,
      "10": 54.2
    },
    "2": {
      "2": 32.4,
      "3": 32.2,
      "4": 31.8,
      "5": 32.5,
      "6": 33.1,
      "7": 33.4,
      "8": 32.3,
      "9": 34.1,
      "10": 32.5
    },
    "3": {
      "3": 43.4,
      "4": 38.4,
      "5": 39.3,
      "6": 38.4,
      "7": 38.3,
      "8": 39.0,
      "9": 39.8,
      "10": 38.7
    },
    "4": {
      "4": 39.8,
      "5": 39.2,
      "6": 38.8,
      "7": 38.9,
      "8": 40.3,
      "9": 39.5,
      "10": 38.4
    },
    "5": {
      "5": 44.0,
      "6": 41.9,
      "7": 44.1,
      "8": 43.5,
      "9": 41.9,
      "10": 42.8
    },
    "6": {
      "6": 43.7,
      "7": 41.5,
      "8": 41.6,
      "9": 44.0,
      "10": 42.6
    },
    "7": {
      "7": 46.4,
      "8": 46.2,
      "9": 45.8,
      "10": 46.0
    },
    "8": {
      "8": 48.1,
      "9": 45.4,
      "10": 47.9
    },
    "9": {
      "9": 43.1,
      "10": 40.2
    },
    "10": {
      "10": 48.4
    }
  },
  "avg_acc_history": [
    51.5,
    42.7,
    43.199999999999996,
    39.95,
    41.82,
    41.616666666666674,
    42.271428571428565,
    42.987500000000004,
    43.05555555555556,
    43.17
  ],
  "bwt_history": [
    0,
    1.5,
    1.1500000000000021,
    -2.4333333333333336,
    -0.4999999999999982,
    -1.0200000000000002,
    -0.8833333333333341,
    -0.7714285714285712,
    -0.6125000000000007,
    -1.0111111111111104
  ],
  "final_avg_acc": 43.17,
  "final_bwt": -1.0111111111111104,
  "seed": 0,
  "gpuid": [
    3
  ]
}