{
  "run_name": "union_shared_kd_full80_seed1",
  "run_dir": "/home/moshiling/Adam-NSCL-resnet18+AdNS /Adam-NSCL-main/results/ablation_unionlowrank_round1/union_shared_kd_full80_seed1",
  "projection_mode": "sfcl_adns",
  "task_order": [
    "1",
    "2",
    "3",
    "4",
    "5",
    "6",
    "7",
    "8",
    "9",
    "10"
  ],
  "acc_table": {
    "1": {
      "1": 87.2,
      "2": 86.0,
      "3": 85.9,
      "4": 85.2,
      "5": 85.6,
      "6": 85.8,
      "7": 85.3,
      "8": 85.1,
      "9": 84.6,
      "10": 85.4
    },
    "2": {
      "2": 70.7,
      "3": 69.6,
      "4": 69.9,
      "5": 70.7,
      "6": 68.1,
      "7": 68.4,
      "8": 67.5,
      "9": 68.9,
      "10": 70.1
    },
    "3": {
      "3": 74.7,
      "4": 67.9,
      "5": 70.7,
      "6": 69.7,
      "7": 66.2,
      "8": 69.6,
      "9": 69.6,
      "10": 70.1
    },
    "4": {
      "4": 73.0,
      "5": 70.5,
      "6": 70.1,
      "7": 70.8,
      "8": 70.2,
      "9": 65.8,
      "10": 71.2
    },
    "5": {
      "5": 76.1,
      "6": 72.6,
      "7": 70.7,
      "8": 73.6,
      "9": 73.3,
      "10": 72.0
    },
    "6": {
      "6": 74.6,
      "7": 71.2,
      "8": 72.3,
      "9": 73.1,
      "10": 72.4
    },
    "7": {
      "7": 73.3,
      "8": 73.6,
      "9": 66.6,
      "10": 73.1
    },
    "8": {
      "8": 72.2,
      "9": 70.0,
      "10": 72.0
    },
    "9": {
      "9": 74.5,
      "10": 70.3
    },
    "10": {
      "10": 79.7
    }
  },
  "avg_acc_history": [
    87.2,
    78.35,
    76.73333333333333,
    74.0,
    74.72,
    73.48333333333333,
    72.27142857142857,
    73.0125,
    71.82222222222222,
    73.63000000000001
  ],
  "bwt_history": [
    0,
    -1.2000000000000028,
    -1.2000000000000028,
    -3.199999999999998,
    -2.025000000000002,
    -3.080000000000004,
    -3.949999999999998,
    -2.528571428571431,
    -3.7375000000000025,
    -2.188888888888889
  ],
  "final_avg_acc": 73.63000000000001,
  "final_bwt": -2.188888888888889,
  "seed": 1,
  "gpuid": [
    1
  ]
}