{
  "run_name": "method_alignment_smoke_sfcl_adns_v3",
  "run_dir": "/home/moshiling/Adam-NSCL-resnet18+AdNS /Adam-NSCL-main/results/method_alignment_fix_round/runs/method_alignment_smoke_sfcl_adns_v3",
  "projection_mode": "sfcl_adns",
  "task_order": [
    "1",
    "2",
    "3",
    "4",
    "5",
    "6",
    "7",
    "8",
    "9",
    "10"
  ],
  "acc_table": {
    "1": {
      "1": 41.9,
      "2": 44.9,
      "3": 42.0,
      "4": 37.8,
      "5": 34.6,
      "6": 25.1,
      "7": 18.1,
      "8": 16.9,
      "9": 18.1,
      "10": 19.7
    },
    "2": {
      "2": 40.6,
      "3": 35.5,
      "4": 37.2,
      "5": 37.1,
      "6": 36.0,
      "7": 28.0,
      "8": 26.1,
      "9": 30.5,
      "10": 30.7
    },
    "3": {
      "3": 48.7,
      "4": 45.2,
      "5": 41.1,
      "6": 33.8,
      "7": 35.1,
      "8": 33.8,
      "9": 34.2,
      "10": 36.9
    },
    "4": {
      "4": 48.9,
      "5": 46.8,
      "6": 44.5,
      "7": 44.8,
      "8": 39.3,
      "9": 39.7,
      "10": 43.2
    },
    "5": {
      "5": 52.1,
      "6": 47.2,
      "7": 47.6,
      "8": 43.6,
      "9": 44.7,
      "10": 47.0
    },
    "6": {
      "6": 50.4,
      "7": 47.7,
      "8": 42.4,
      "9": 42.2,
      "10": 45.0
    },
    "7": {
      "7": 52.1,
      "8": 49.9,
      "9": 43.9,
      "10": 49.5
    },
    "8": {
      "8": 49.9,
      "9": 42.6,
      "10": 44.8
    },
    "9": {
      "9": 48.6,
      "10": 45.0
    },
    "10": {
      "10": 52.3
    }
  },
  "avg_acc_history": [
    41.9,
    42.75,
    42.06666666666667,
    42.275,
    42.34,
    39.50000000000001,
    39.057142857142864,
    37.7375,
    38.277777777777786,
    41.410000000000004
  ],
  "bwt_history": [
    0,
    3.0,
    -2.5,
    -3.6666666666666665,
    -5.125,
    -9.120000000000001,
    -10.216666666666667,
    -11.814285714285715,
    -11.087499999999999,
    -7.933333333333334
  ],
  "final_avg_acc": 41.410000000000004,
  "final_bwt": -7.933333333333334,
  "seed": 0,
  "gpuid": [
    1
  ]
}