{
  "run_name": "method_alignment_smoke_sfcl_v2",
  "run_dir": "/home/moshiling/Adam-NSCL-resnet18+AdNS /Adam-NSCL-main/results/method_alignment_fix_round/runs/method_alignment_smoke_sfcl_v2",
  "projection_mode": "sfcl",
  "task_order": [
    "1",
    "2",
    "3",
    "4",
    "5",
    "6",
    "7",
    "8",
    "9",
    "10"
  ],
  "acc_table": {
    "1": {
      "1": 46.5,
      "2": 53.1,
      "3": 53.1,
      "4": 52.4,
      "5": 51.8,
      "6": 53.3,
      "7": 51.5,
      "8": 53.4,
      "9": 53.2,
      "10": 54.4
    },
    "2": {
      "2": 36.5,
      "3": 35.1,
      "4": 37.7,
      "5": 37.4,
      "6": 35.2,
      "7": 37.4,
      "8": 37.3,
      "9": 36.0,
      "10": 36.2
    },
    "3": {
      "3": 42.9,
      "4": 40.4,
      "5": 40.6,
      "6": 38.1,
      "7": 38.2,
      "8": 38.7,
      "9": 38.2,
      "10": 39.4
    },
    "4": {
      "4": 39.6,
      "5": 40.5,
      "6": 38.5,
      "7": 40.3,
      "8": 40.9,
      "9": 40.3,
      "10": 41.4
    },
    "5": {
      "5": 44.2,
      "6": 42.4,
      "7": 42.4,
      "8": 44.1,
      "9": 45.0,
      "10": 44.1
    },
    "6": {
      "6": 42.0,
      "7": 41.9,
      "8": 41.7,
      "9": 42.1,
      "10": 42.3
    },
    "7": {
      "7": 49.0,
      "8": 46.6,
      "9": 44.1,
      "10": 47.5
    },
    "8": {
      "8": 48.2,
      "9": 40.9,
      "10": 46.3
    },
    "9": {
      "9": 43.1,
      "10": 39.3
    },
    "10": {
      "10": 47.3
    }
  },
  "avg_acc_history": [
    46.5,
    44.8,
    43.699999999999996,
    42.525,
    42.9,
    41.583333333333336,
    42.95714285714286,
    43.8625,
    42.544444444444444,
    43.82000000000001
  ],
  "bwt_history": [
    0,
    6.600000000000001,
    2.6000000000000014,
    1.5333333333333339,
    1.1999999999999993,
    -0.44000000000000056,
    -1.1842378929335002e-15,
    0.2857142857142857,
    -1.1375000000000002,
    -0.12222222222222395
  ],
  "final_avg_acc": 43.82000000000001,
  "final_bwt": -0.12222222222222395,
  "seed": 0,
  "gpuid": [
    4
  ]
}