{
  "run_name": "nscl_full80_seed0_fixed_v2",
  "run_dir": "/home/moshiling/Adam-NSCL-resnet18+AdNS /Adam-NSCL-main/results/final_repro_round/nscl_full80_seed0_fixed_v2",
  "projection_mode": "nscl",
  "task_order": [
    "1",
    "2",
    "3",
    "4",
    "5",
    "6",
    "7",
    "8",
    "9",
    "10"
  ],
  "acc_table": {
    "1": {
      "1": 88.2,
      "2": 86.4,
      "3": 86.5,
      "4": 85.6,
      "5": 86.5,
      "6": 87.8,
      "7": 87.3,
      "8": 86.6,
      "9": 87.1,
      "10": 87.8
    },
    "2": {
      "2": 70.3,
      "3": 66.7,
      "4": 69.7,
      "5": 69.5,
      "6": 67.9,
      "7": 67.6,
      "8": 67.9,
      "9": 69.4,
      "10": 69.2
    },
    "3": {
      "3": 71.7,
      "4": 67.2,
      "5": 67.8,
      "6": 67.6,
      "7": 65.5,
      "8": 66.5,
      "9": 68.2,
      "10": 70.3
    },
    "4": {
      "4": 70.6,
      "5": 69.4,
      "6": 67.8,
      "7": 67.9,
      "8": 70.1,
      "9": 64.1,
      "10": 69.4
    },
    "5": {
      "5": 75.4,
      "6": 72.1,
      "7": 71.5,
      "8": 72.7,
      "9": 74.0,
      "10": 72.7
    },
    "6": {
      "6": 74.4,
      "7": 68.8,
      "8": 69.1,
      "9": 70.4,
      "10": 70.8
    },
    "7": {
      "7": 72.9,
      "8": 71.9,
      "9": 65.4,
      "10": 72.1
    },
    "8": {
      "8": 70.8,
      "9": 67.8,
      "10": 70.1
    },
    "9": {
      "9": 72.5,
      "10": 68.2
    },
    "10": {
      "10": 78.9
    }
  },
  "avg_acc_history": [
    88.2,
    78.35,
    74.96666666666665,
    73.275,
    73.72,
    72.93333333333332,
    71.64285714285714,
    71.94999999999999,
    70.98888888888888,
    72.95000000000002
  ],
  "bwt_history": [
    0,
    -1.7999999999999972,
    -2.6499999999999986,
    -2.5666666666666678,
    -1.8999999999999986,
    -2.6000000000000028,
    -3.666666666666669,
    -2.671428571428574,
    -3.4875000000000007,
    -1.8000000000000018
  ],
  "final_avg_acc": 72.95000000000002,
  "final_bwt": -1.8000000000000018,
  "seed": 0,
  "gpuid": [
    5
  ]
}