{
  "run_name": "sfcl_full80_seed0_fixed",
  "run_dir": "/home/moshiling/Adam-NSCL-resnet18+AdNS /Adam-NSCL-main/results/final_repro_round/sfcl_full80_seed0_fixed",
  "projection_mode": "sfcl",
  "task_order": [
    "1",
    "2",
    "3",
    "4",
    "5",
    "6",
    "7",
    "8",
    "9",
    "10"
  ],
  "acc_table": {
    "1": {
      "1": 88.2,
      "2": 84.9,
      "3": 85.9,
      "4": 84.5,
      "5": 85.4,
      "6": 85.3,
      "7": 83.7,
      "8": 85.0,
      "9": 83.7,
      "10": 84.0
    },
    "2": {
      "2": 72.9,
      "3": 67.3,
      "4": 68.6,
      "5": 68.5,
      "6": 65.0,
      "7": 64.4,
      "8": 65.3,
      "9": 66.6,
      "10": 67.4
    },
    "3": {
      "3": 77.3,
      "4": 68.1,
      "5": 70.4,
      "6": 68.6,
      "7": 68.0,
      "8": 71.1,
      "9": 69.7,
      "10": 71.2
    },
    "4": {
      "4": 74.2,
      "5": 72.1,
      "6": 67.1,
      "7": 71.4,
      "8": 70.2,
      "9": 64.1,
      "10": 71.3
    },
    "5": {
      "5": 79.8,
      "6": 77.8,
      "7": 70.5,
      "8": 72.3,
      "9": 74.9,
      "10": 74.5
    },
    "6": {
      "6": 77.2,
      "7": 72.0,
      "8": 72.8,
      "9": 72.7,
      "10": 72.5
    },
    "7": {
      "7": 77.2,
      "8": 74.7,
      "9": 68.4,
      "10": 73.6
    },
    "8": {
      "8": 76.0,
      "9": 71.8,
      "10": 74.0
    },
    "9": {
      "9": 78.1,
      "10": 72.1
    },
    "10": {
      "10": 81.9
    }
  },
  "avg_acc_history": [
    88.2,
    78.9,
    76.83333333333333,
    73.85,
    75.24,
    73.5,
    72.45714285714286,
    73.42500000000001,
    72.22222222222223,
    74.25
  ],
  "bwt_history": [
    0,
    -3.299999999999997,
    -3.950000000000003,
    -5.733333333333339,
    -4.050000000000001,
    -5.720000000000004,
    -6.599999999999999,
    -5.05714285714286,
    -6.362500000000001,
    -4.477777777777779
  ],
  "final_avg_acc": 74.25,
  "final_bwt": -4.477777777777779,
  "seed": 0,
  "gpuid": [
    6
  ]
}